{
  "project_info": {
    "project_number": "450910724009",
    "project_id": "azuramart-df8b6",
    "storage_bucket": "azuramart-df8b6.appspot.com"
  },
  "client": [
    {
      "client_info": {
        "mobilesdk_app_id": "1:450910724009:android:115d6d0ef68e494e9c6eb8",
        "android_client_info": {
          "package_name": "com.azuramart.azuramartmy"
        }
      },
      "oauth_client": [
        {
          "client_id": "450910724009-h3bcmk2nhq6b4924a3n9a17ohqcvbdqq.apps.googleusercontent.com",
          "client_type": 1,
          "android_info": {
            "package_name": "com.azuramart.azuramartmy",
            "certificate_hash": "1cf9e482d3c30a7fb052a170b40ce6f4c6ff9b28"
          }
        },
        {
          "client_id": "450910724009-uj3ru93lick3gcg5fr4nn31ea55q2bab.apps.googleusercontent.com",
          "client_type": 3
        }
      ],
      "api_key": [
        {
          "current_key": "AIzaSyCHH12DcSSd1IBNE28n3xWjANZH2sPnZ8A"
        }
      ],
      "services": {
        "appinvite_service": {
          "other_platform_oauth_client": [
            {
              "client_id": "450910724009-uj3ru93lick3gcg5fr4nn31ea55q2bab.apps.googleusercontent.com",
              "client_type": 3
            }
          ]
        }
      }
    },
    {
      "client_info": {
        "mobilesdk_app_id": "1:450910724009:android:38a824caff3a6bf39c6eb8",
        "android_client_info": {
          "package_name": "com.riyad.azura_mart_design"
        }
      },
      "oauth_client": [
        {
          "client_id": "450910724009-uj3ru93lick3gcg5fr4nn31ea55q2bab.apps.googleusercontent.com",
          "client_type": 3
        }
      ],
      "api_key": [
        {
          "current_key": "AIzaSyCHH12DcSSd1IBNE28n3xWjANZH2sPnZ8A"
        }
      ],
      "services": {
        "appinvite_service": {
          "other_platform_oauth_client": [
            {
              "client_id": "450910724009-uj3ru93lick3gcg5fr4nn31ea55q2bab.apps.googleusercontent.com",
              "client_type": 3
            }
          ]
        }
      }
    }
  ],
  "configuration_version": "1"
}